<?xml version="1.0" encoding="UTF-8"?>
<project-private xmlns="http://www.netbeans.org/ns/project-private/1">
    <editor-bookmarks xmlns="http://www.netbeans.org/ns/editor-bookmarks/2" lastBookmarkId="0"/>
    <open-files xmlns="http://www.netbeans.org/ns/projectui-open-files/2">
        <group>
            <file>file:/D:/Reethika/INFO5100Lab/Lab7/Lab7_JDBC/src/view/ViewJPanel.java</file>
            <file>file:/D:/Reethika/INFO5100Lab/Lab7/Lab7_JDBC/src/model/Patient.java</file>
            <file>file:/D:/Reethika/INFO5100Lab/Lab7/Lab7_JDBC/src/utility/DatabaseConnector.java</file>
            <file>file:/D:/Reethika/INFO5100Lab/Lab7/Lab7_JDBC/src/view/JFrame.java</file>
            <file>file:/D:/Reethika/INFO5100Lab/Lab7/Lab7_JDBC/src/view/FormJPanel.java</file>
        </group>
    </open-files>
</project-private>
